42250,https://www.youtube.com/watch?v=qwOQvh_mJ4w
42258,https://www.youtube.com/watch?v=haPdJ8xXmT0
42260,https://www.youtube.com/watch?v=zKF97IQ4nV0
42262,https://www.youtube.com/watch?v=D1W1gzowt0I
42263,https://www.youtube.com/watch?v=U0aaaKPg9PA
42264,https://www.youtube.com/watch?v=QWM1_FQxD88
42265,https://www.youtube.com/watch?v=yseWMJS8IHw
42266,https://www.youtube.com/watch?v=DZ55TYk-ZRs
42267,https://www.youtube.com/watch?v=mSr3XU6mbjU
42268,https://www.youtube.com/watch?v=4heO0ohmKjs
42270,https://www.youtube.com/watch?v=N7zmPIoaYZs
42271,https://www.youtube.com/watch?v=tLIX_7JuiEI
42272,https://www.youtube.com/watch?v=1nMv8pmK60c
42273,https://www.youtube.com/watch?v=jMnLqsGPxkA
42274,https://www.youtube.com/watch?v=8rFCbLS7JV8
42275,https://www.youtube.com/watch?v=UPhelr0E_Fc
42276,https://www.youtube.com/watch?v=1gLuG-LCG1M
42277,https://www.youtube.com/watch?v=k-1dMgvAJMU
42278,https://www.youtube.com/watch?v=IDbOZdaKETg
42279,https://www.youtube.com/watch?v=cMQX5x9oY5Q
42282,https://www.youtube.com/watch?v=ZIL3vNc7SpQ
42284,https://www.youtube.com/watch?v=DzxyaEjzpzg
42285,https://www.youtube.com/watch?v=08hpGZ7c_6c
42286,https://www.youtube.com/watch?v=yoXE203URAo
42287,https://www.youtube.com/watch?v=8SfKfstRfPI
42288,https://www.youtube.com/watch?v=JPbYtNnWivM
42289,https://www.youtube.com/watch?v=oawdPVA-2Qc
42290,https://www.youtube.com/watch?v=Q3Y9-TLLSOs
42291,https://www.youtube.com/watch?v=kWxzDhwvwEc
42292,https://www.youtube.com/watch?v=7fAJ13DgvYM
42294,https://www.youtube.com/watch?v=b2L5Rb07W2c
42295,https://www.youtube.com/watch?v=PKgvOcjJJjA
42296,https://www.youtube.com/watch?v=RZ0lPY1i8Sk
42297,https://www.youtube.com/watch?v=tcrvH9UxLLY
42298,https://www.youtube.com/watch?v=p4MCiq3cbao
42299,https://www.youtube.com/watch?v=oQJjwDLWLNo
42300,https://www.youtube.com/watch?v=aK3Do91Fk8g
42301,https://www.youtube.com/watch?v=iFAx87LMyxM
42303,https://www.youtube.com/watch?v=JVYa4Vv4mYY
42304,https://www.youtube.com/watch?v=DyLbzK-5lNw
42305,https://www.youtube.com/watch?v=8VyfmtOlgRg
42306,https://www.youtube.com/watch?v=usIOL_FW5R4
42307,https://www.youtube.com/watch?v=bqEPmqc9duk
42308,https://www.youtube.com/watch?v=Ffoa9_vfwHo
42309,https://www.youtube.com/watch?v=TrLI7ZolCgU&list=PLK_OUA2VkeEKllPlJBEsjyqenOmtHl16Y&index=1
42310,https://www.youtube.com/watch?v=ZZlVkUMhOaM
42311,https://www.youtube.com/watch?v=fNCqbqTU8eA
42312,https://www.youtube.com/watch?v=DhTT5miCyBY
42313,https://www.youtube.com/watch?v=VFU7M7qlC3Q
42314,https://www.youtube.com/watch?v=iRXUq2sv7BE&list=PL73qP2aN22B6U3pgqVPwCAIvFTVUffK-Q&index=4
42315,https://www.youtube.com/watch?v=vQSZPz5J65U&list=PL-PtrQaHMOvTcx05O_yXz94WkZN2Tr_0v&index=13
42316,https://www.youtube.com/watch?v=Hb_0ryubl4I
42317,https://www.youtube.com/watch?v=o5iQCzuMZU0
42318,https://www.youtube.com/watch?v=bOAbwGp1IOg
42319,https://www.youtube.com/watch?v=pmc2fajkrpc
42320,https://www.youtube.com/watch?v=WtlF04vm02w
42321,https://www.youtube.com/watch?v=3ThooDYXJak&list=PL62o7z0DCiSDDj8lgGQHxBu-j1PoLLd7p&index=3
42322,https://www.youtube.com/watch?v=CG3V62o46DQ
42323,https://www.youtube.com/watch?v=fZObcSR67WI
42324,https://www.youtube.com/watch?v=yLHuh-HkoyA
42325,https://www.youtube.com/watch?v=qa9PJz6PqVg
42326,https://www.youtube.com/watch?v=x7q5JVdPTng
42327,https://www.youtube.com/watch?v=FlF5MCykyZg
42328,https://www.youtube.com/watch?v=lnOzM-2PYEc
42329,https://www.youtube.com/watch?v=j8sw4ZkFAoo
42330,https://www.youtube.com/watch?v=K9AQhq6XxwI
42331,https://www.youtube.com/watch?v=OhvX44ZlsB4
42332,https://www.youtube.com/watch?v=yXbM0LJsDkc
42333,https://www.youtube.com/watch?v=O6DgdjvbIyQ
42334,https://www.youtube.com/watch?v=Y6bnLiwTs5Q
42335,https://www.youtube.com/watch?v=kL2bYPWKqQc
42336,https://www.youtube.com/watch?v=ROptQua5fQY
42337,https://www.youtube.com/watch?v=x2MwN9o79bA
42338,https://www.youtube.com/watch?v=fjX8B0UdBgc
42339,https://www.youtube.com/watch?v=MZI1izUMLu4
42340,https://www.youtube.com/watch?v=7acu3EMUrS0
42341,https://www.youtube.com/watch?v=j7-GbXKVe2s
42342,https://www.youtube.com/watch?v=DCWv-Zu-M7w
42343,https://www.youtube.com/watch?v=Pkgez5CHMTU
42344,https://www.youtube.com/watch?v=00vNxabee7g
42345,https://www.youtube.com/watch?v=80t7WIHRLCw
42347,https://www.youtube.com/watch?v=mPlrmupZOvI
42348,https://www.youtube.com/watch?v=qux8CbHPlgw
42349,https://www.youtube.com/watch?v=Bqc9CfPopy8
42350,https://www.youtube.com/watch?v=5IfQgbWMedY
42351,https://www.youtube.com/watch?v=lIaPG29P6zc
42352,https://www.youtube.com/watch?v=BSTv5TPvy_0
42353,https://www.youtube.com/watch?v=kZdFesC5gic
42355,https://www.youtube.com/watch?v=IcO2qWARE_E
42356,https://www.youtube.com/watch?v=qKQAQc2NEuk
42357,https://www.youtube.com/watch?v=aLP0lczjNf4
42359,https://www.youtube.com/watch?v=jzW8WzELfOs
42360,https://www.youtube.com/watch?v=fTHWW2cDNHA
42362,https://www.youtube.com/watch?v=6cym_FYD0fU
42363,https://www.youtube.com/watch?v=ys4AJGK0XJQ
42364,https://www.youtube.com/watch?v=ZAZ74S0vPqs
42366,https://www.youtube.com/watch?v=YaGW1NINDo0
42368,https://www.youtube.com/watch?v=NfgcX-YFyD8
42369,https://www.youtube.com/watch?v=tgdX20eSisw
42370,https://www.youtube.com/watch?v=N-bPVpdx8iY
42371,https://www.youtube.com/watch?v=V-cvlZLNEBM
42373,https://www.youtube.com/watch?v=9zzq9wy6wXI
42375,https://www.youtube.com/watch?v=9q-bPLcmPnQ
42376,https://www.youtube.com/watch?v=N0oy8pwC4Kg
42377,https://www.youtube.com/watch?v=GO3UxDydumA
42378,https://www.youtube.com/watch?v=U5WTmRQ9jrk
42379,https://www.youtube.com/watch?v=swPW--KCx5Y
42380,https://www.youtube.com/watch?v=1dAy7tn2ULI
42381,https://www.youtube.com/watch?v=wzZRgylZtGw
42382,https://www.youtube.com/watch?v=ade2hj5F2PY
42383,https://www.youtube.com/watch?v=dNCVAxN9JHQ
42384,https://www.youtube.com/watch?v=NMHZ6mPmD7Y
42385,https://www.youtube.com/watch?v=X5D6VavH1EE
42386,https://www.youtube.com/watch?v=a5MSv7R9d9A
42387,https://www.youtube.com/watch?v=h0OvJL0G6rw
42388,https://www.youtube.com/watch?v=XwcFC38OB8c
42389,https://www.youtube.com/watch?v=x9iQ7W6l86I
42390,https://www.youtube.com/watch?v=a0bt5PDSrUo
42391,https://www.youtube.com/watch?v=JMj9SKh611g
42392,https://www.youtube.com/watch?v=Jg68Aj-9RwI
42393,https://www.youtube.com/watch?v=YfRvlBX90Oc
42395,https://www.youtube.com/watch?v=tr1DeQ7nTxI
42396,https://www.youtube.com/watch?v=yzEMvTfiXZY
42397,https://www.youtube.com/watch?v=3ovJIxTQpsU
42398,https://www.youtube.com/watch?v=IrGgCx5_MQs
42399,https://www.youtube.com/watch?v=NexZrh6cVGU
42400,https://www.youtube.com/watch?v=qcZRvCJsJGw
42401,https://www.youtube.com/watch?v=bCaXfpb9A-0
42402,https://www.youtube.com/watch?v=YZ_uZ98N6ZI
42404,https://www.youtube.com/watch?v=OJWJx0ILwV8
42405,https://www.youtube.com/watch?v=BU11eSkCzAw
42406,https://www.youtube.com/watch?v=lVwpgbz7VxE
42408,https://www.youtube.com/watch?v=UQZNwX7Fgzs
42409,https://www.youtube.com/watch?v=ii18uH36ySU
42410,https://www.youtube.com/watch?v=VcDo7dczpRA
42411,https://www.youtube.com/watch?v=8rejiMU6a44
42412,https://www.youtube.com/watch?v=_lM8cVG_xoQ
42413,https://www.youtube.com/watch?v=o5ts3VUtRNo
42414,https://www.youtube.com/watch?v=l53Mq-u2xZc
42415,https://www.youtube.com/watch?v=fmJBBW56XlY
42416,https://www.youtube.com/watch?v=J68y5AewW_s
42417,https://www.youtube.com/watch?v=GTeuKFNrBOI
42418,https://www.youtube.com/watch?v=Jb1-4PvCOrc
42419,https://www.youtube.com/watch?v=gUZpzkDltWA
42421,https://www.youtube.com/watch?v=6IDB7yqocXA
42422,https://www.youtube.com/watch?v=_uRfJnxKVUQ
42423,https://www.youtube.com/watch?v=CWx3R2LsaQk
42424,https://www.youtube.com/watch?v=45_DdNrVR2k
42425,https://www.youtube.com/watch?v=i81NmRz4nu0
42500,https://youtu.be/fLGKulK-TSM
42501,https://youtu.be/V7nmJy_LJII
42502,https://youtu.be/a9WoXdwRRWo
42503,https://youtu.be/IneszyrmnbI
42504,https://youtu.be/BMH8CBNgo8w
42506,https://youtu.be/5bvfz5iUxKo
42507,https://youtu.be/QKu9BtfFwdU
42508,https://youtu.be/n3ZB3v4kihk
42509,https://youtu.be/A0sEKJuHWe8
42511,https://youtu.be/dBoSzOCbN2c
42513,https://youtu.be/5um2gebyPtA
42514,https://youtu.be/eKCXrrm2U3o
42515,https://youtu.be/xIBjAWkPzNA
42517,https://youtu.be/wvtaLPmHfk0
42518,https://youtu.be/0Au0bE0WxBc
42519,https://youtu.be/ZWEJ43fDEBU
42521,https://youtu.be/mKFuUeg6PUo
42522,https://youtu.be/7gBsGxhdt2E
42524,https://youtu.be/K-vehzhMSEg
42525,https://youtu.be/j29g218R9Gc
42526,https://youtu.be/Fftpep-09ZI
42527,https://youtu.be/eqigJZm5aa4
42528,https://youtu.be/xKJ3BrF1A1Y
42531,https://youtu.be/P09WT0rtqnM
42532,https://youtu.be/gCr7VPh7ym4
42533,https://youtu.be/pSZ3JKyQJDM
42534,https://youtu.be/E60XlPSDO0o
42535,https://youtu.be/TBA-R3Sx1Pc
42536,https://youtu.be/hKWzFLe5HwM
42537,https://youtu.be/aYcPkd2rwjI
42538,https://youtu.be/B_XF_WBKwDc
42539,https://youtu.be/UyFLxtkEjwA
42540,https://youtu.be/NZdgP2wAQic
42542,https://youtu.be/xWuESNvYuTo
42543,https://youtu.be/ptfu3tL0OBg
42544,https://youtu.be/BPjiOqqiMwU
42545,https://youtu.be/JSoCew-o2xA
42546,https://youtu.be/VJqw6ZT0lHc
42547,https://youtu.be/T0QryZmO2t4
42548,https://youtu.be/QOiadOM4GEk
42549,https://youtu.be/LiidO8FUHpU
42550,https://youtu.be/qb9WbH1-WXI
42551,https://youtu.be/dkUwXa6qwTk
42552,https://youtu.be/T8QS-lMXzXs
42554,https://youtu.be/qWEnb2y6Nfc
42555,https://youtu.be/OEDLv4sdFb0
42556,https://youtu.be/bKcSiEaUb44
42557,https://youtu.be/liCzqRXQLvQ
42558,https://youtu.be/89cRJ5rr188
42559,https://youtu.be/LkfbeoQQKCs
42560,https://youtu.be/jJ-60yvD8MY
42562,https://youtu.be/skKpz1Xi1iw
42563,https://youtu.be/DCG4X13xMuc
42564,https://youtu.be/aKfEWJPgd0E
42565,https://youtu.be/_-z9DTjhHCc
42566,https://youtu.be/pQgJnpE7IL8
42567,https://youtu.be/BxtUFEFkSas
42568,https://youtu.be/2ncQwQZJ47E
42569,https://youtu.be/fI-WbhuVOXI
42570,https://youtu.be/NrzDTjM1eyc
42571,https://youtu.be/Zh7oa6KOHmc
42572,https://youtu.be/GdmcWQCbqY8
42573,https://youtu.be/9bmH9k496aI
42574,https://youtu.be/hmp0Dh0cvCE
42575,https://youtu.be/xBzH7gAztaI
42576,https://youtu.be/E7BVK_vmbLs
42577,https://youtu.be/6tldHlWc7pY
42579,https://youtu.be/Q8yw8Av9knQ
42580,https://youtu.be/bq83TTkLD7g
42581,https://youtu.be/vJWKudfRipc
42582,https://youtu.be/wXMNmomHzbw
42583,https://youtu.be/TlX5jSEN5sQ
42584,https://youtu.be/tf2Y2iZkeps
42585,https://youtu.be/j5jRXlYGC_Y
42586,https://youtu.be/onVbQbAlnZk
42587,https://youtu.be/GLchiV955zY
42588,https://youtu.be/qL54RdfM9aI
42589,https://youtu.be/Uf6tD_pql6M
42590,https://youtu.be/YkXoHh72xrg
42591,https://youtu.be/24dKTgOG3Ok
42592,https://youtu.be/aGGAanBZmi0
42593,https://youtu.be/y1VTHOfIO4E
42594,https://youtu.be/KaKW8gGg_cY
42595,https://youtu.be/_ovFXpsWmS0
42599,https://youtu.be/uVeEAFy1z68
42600,https://youtu.be/TvMyssfAUx0
42601,https://youtu.be/f2yZXhAHMk0
42602,https://youtu.be/P1TJDi3CRAc
42604,https://youtu.be/Z9yrw-F4BNk
42605,https://youtu.be/mdJAyjWLxF4
42606,https://youtu.be/tiJFR1JD8NY
42607,https://youtu.be/X1td07nKF5A
42608,https://youtu.be/4602pHQCB20
42610,https://youtu.be/PIkwUFGvcCU
42611,https://youtu.be/5FiWNhMOQpU
42612,https://youtu.be/C9KUJg1ujrA
42613,https://youtu.be/oCWYYXHBvcE
42615,https://youtu.be/vMSbR14_MOY
42616,https://youtu.be/2jJF-EUjj6g
42618,https://youtu.be/Zs7iU7CQxCo
42619,https://youtu.be/z1UR9BTrwbE
42620,https://youtu.be/ACUc9bdZj_w
42621,https://youtu.be/idkJssPZ_Gw
42623,https://youtu.be/Q4AsPGnRjNg
42624,https://youtu.be/G0KRf_-ps0w
42626,https://youtu.be/0Gzd7np01J8
42627,https://youtu.be/AVkreKt99TU
42628,https://youtu.be/413z_9DUShY
42629,https://youtu.be/BfON_hknk-A
42630,https://youtu.be/R1oW90Ei1iA
42631,https://youtu.be/RFbUSdFetjU
42632,https://youtu.be/jvoFQkC8-Zo
42634,https://youtu.be/xPx9xFyzyCc
42635,https://youtu.be/Bm-dSg0k9Ho
42636,https://youtu.be/pXTzc8_NWCc
42637,https://youtu.be/f1bcER1Zzak
42639,https://youtu.be/ZUU9MGoLMwc
42640,https://youtu.be/HnDaxU0Q858
42641,https://youtu.be/O8Si1S0wmVw
42642,https://youtu.be/e-ter3CReIQ
42643,https://youtu.be/4nClAJlIFxM
42644,https://youtu.be/NHsHcAlh5tU
42647,https://youtu.be/RucaMD1dwwI
42648,https://youtu.be/DZ31TUETSec
42649,https://youtu.be/ZPhqVEWcMTI
42650,https://youtu.be/WWilulABonY
42651,https://youtu.be/TBwiK6TFeck
42652,https://youtu.be/0__WPhV7lYs
42653,https://youtu.be/EL0YvzHfzu4
42655,https://youtu.be/OveHDVzgIO4
42656,https://youtu.be/p860HFsFPoM
42657,https://youtu.be/kmlzDLW_EAw
42658,https://youtu.be/8fEMMyiLOzg
42659,https://youtu.be/MrvSpyfiBY0
42660,https://youtu.be/9V2J6AnkH2Q
42661,https://youtu.be/l6GGQGJ190g
42662,https://youtu.be/QfPBi7BkwLw
42663,https://youtu.be/pPdYyD8MZSE
42664,https://youtu.be/ubz7lqms2kc
42665,https://youtu.be/dMMRI7H8sEI
42666,https://youtu.be/3JruLftIWws
42667,https://youtu.be/XDxwSpxga-Y
42668,https://youtu.be/HLWbJ3OzdIo
42669,https://youtu.be/lbX6itc8DKQ
42670,https://youtu.be/IdFXnUIn0WU
42671,https://youtu.be/HXOdlRvEqH4
42672,https://youtu.be/sPcffm2CGbs
42673,https://youtu.be/LDDgcDM06ag
42674,https://youtu.be/2nrPfCb5IGc
42675,https://youtu.be/WLg-du285bU
42676,https://youtu.be/8OEXrQlwOTA
42677,https://youtu.be/Yw9eCONABc0
42678,https://youtu.be/sWWjIi_k-EE
42679,https://youtu.be/vDIkRK5mVEw
42680,https://youtu.be/NAg76b-xBZU
42681,https://youtu.be/1y9rKnU9hzs
42682,https://youtu.be/ZckCZWpKBZ8
42683,https://youtu.be/qHoD9Uj4X0U
42684,https://youtu.be/ngjK_U3TJpE
42685,https://youtu.be/RPHXQF9BKHU
42686,https://youtu.be/vozJ8A6NkhY
42687,https://youtu.be/GyEY87FLS1g
42750,https://www.youtube.com/watch?v=RVophT8naUM&ab_channel=JackHartmannKidsMusicChannel
42751,https://www.youtube.com/watch?v=5T52TCrQ2M4&ab_channel=JackHartmannKidsMusicChannel
42752,https://www.youtube.com/watch?v=MTLKr-8UDYE&ab_channel=TeachforLife
42753,https://www.youtube.com/watch?v=4PW3_LErVZk&ab_channel=ScratchGarden
42754,https://www.youtube.com/watch?v=bA93HAXf3_0&ab_channel=karinearmen
42756,https://www.youtube.com/watch?v=Wy65TkCadfU&ab_channel=HomeschoolPop
42757,https://www.youtube.com/watch?v=rVuWKBFkZcU&ab_channel=HomeschoolPop
42758,https://www.youtube.com/watch?v=V9qNKjv_hW8&ab_channel=TeachforLife
42759,https://www.youtube.com/watch?v=Vd9f68MgSIg&ab_channel=GautamPragya
42760,https://www.youtube.com/watch?v=Y6_S5bipsBk&ab_channel=TeachforLife
42761,https://www.youtube.com/watch?v=oRtGfXWrf6Y&ab_channel=TeachforLife
42762,https://www.youtube.com/watch?v=TZ2m4R43j7g&ab_channel=TeachforLife
42764,https://www.youtube.com/watch?v=YXpq7_Q7rzk&ab_channel=PantsBearKids-Cartoons
42765,https://www.youtube.com/watch?v=4rOnRJlevmI&ab_channel=LearnontheGo
42766,https://www.youtube.com/watch?v=uwpiFHe9VZ8&ab_channel=TeachforLife
42767,https://www.youtube.com/watch?v=uLM0tXfRzTo&ab_channel=ChuntellThomas
42769,https://www.youtube.com/watch?v=c4BpXgOdgNA&ab_channel=MiacademyLearningChannel
42770,https://www.youtube.com/watch?v=yEFpfhAxCYw&ab_channel=AimeeHeider
42771,https://www.youtube.com/watch?v=-lYFplZA618&ab_channel=HomeschoolPop
42772,https://www.youtube.com/watch?v=VwLxAynJxNk&ab_channel=SweetforKindergartenKristinaHarrill
42773,https://www.youtube.com/watch?v=tkjvLYqKkcU&ab_channel=AnthonyBroughton
42774,https://www.youtube.com/watch?v=LaKjTKV-m6Q&ab_channel=ToddlerWorldTV%C2%AE
42775,https://www.youtube.com/watch?v=FdYXbvbiKy8&ab_channel=HeggertyPhonemicAwareness
42777,https://www.youtube.com/watch?v=V9ozaYyeK8Q&ab_channel=%F0%9F%A4%97JIDNYASAMhatre%F0%9F%A4%97
42778,https://www.youtube.com/watch?v=EshBLXsUKzs&ab_channel=KalpanaSarang
42780,https://www.youtube.com/watch?v=-dgBoDxmpn0&ab_channel=BanshoKids
42781,https://www.youtube.com/watch?v=O8DH0UFvDLo&ab_channel=Mr.MikeTV
42782,https://www.youtube.com/watch?v=krv5QsZX1mM&ab_channel=Let%27slearnwithme
42783,https://www.youtube.com/watch?v=cSSqMODRwG4&ab_channel=4KidzAid
42784,https://www.youtube.com/watch?v=dE1T8wo0ZB4&ab_channel=WonderGroveKids
42785,https://www.youtube.com/watch?v=BWNLB6_aoRU&ab_channel=AnchorCreativeEducation
42786,https://www.youtube.com/watch?v=HhpSKN6SlGQ&ab_channel=yogitaLokhande
42787,https://www.youtube.com/watch?v=uyRv-43JDuQ&ab_channel=Anirudh
42788,https://www.youtube.com/watch?v=urfD8RbebK4&ab_channel=ReadKids
42789,https://www.youtube.com/watch?v=WB3zolACjuI&ab_channel=MDRBros.EducationChannel
42790,https://www.youtube.com/watch?v=Y2Bq2uZX5uU&ab_channel=PlanetPeek-A-Boo
42791,https://www.youtube.com/watch?v=QViXfxDqR2M&ab_channel=Elemental
42792,https://www.youtube.com/watch?v=Ej1LIIN34SM&ab_channel=PlayKids
42794,https://www.youtube.com/watch?v=FY_aB03_hJA&ab_channel=ReadKids
42796,https://www.youtube.com/watch?v=V1508wboZXk&ab_channel=WBKids
42797,https://www.youtube.com/watch?v=kBP3CgXcqmQ&ab_channel=BouncePatrol-KidsSongs
42798,https://www.youtube.com/watch?v=jGocfILvuEk&ab_channel=BouncePatrol-KidsSongs
42799,https://www.youtube.com/watch?v=k3sr6fN22cU&ab_channel=CuriousWorld
42800,https://www.youtube.com/watch?v=M_kp9NW4enA&ab_channel=BouncePatrol-KidsSongs
42801,https://www.youtube.com/watch?v=fW0Otg5IoF0&ab_channel=Elemental
42802,https://www.youtube.com/watch?v=cx20VssOwVM&ab_channel=bookboxinc
42803,https://www.youtube.com/watch?v=jVuOScV9Ges&ab_channel=Elemental
42804,https://www.youtube.com/watch?v=7qSlf0OUnZc&ab_channel=PlayKids
42805,https://www.youtube.com/watch?v=3crdfjFfxjI&ab_channel=PlayKids
42806,https://www.youtube.com/watch?v=s2eC9gTKVa8&ab_channel=ErickPuell
42807,https://www.youtube.com/watch?v=AectM7R1bWA&ab_channel=FirstStepPhonics
42808,https://www.youtube.com/watch?v=0KUNxtV3KJc&ab_channel=FirstStepPhonics
42810,https://www.youtube.com/watch?v=zmEdlv9b6Xc&ab_channel=Kid2020
42812,https://www.youtube.com/watch?v=9u7KrwrAdAs&ab_channel=CherEyBiSi
42813,https://www.youtube.com/watch?v=mtx4naSoUHM&ab_channel=CherEyBiSi
42814,https://www.youtube.com/watch?v=q_piTpuzuJU&ab_channel=SVADHYAYA
42815,https://www.youtube.com/watch?v=CvpmC5ToIZ4&ab_channel=GarimaGambhir
42816,https://www.youtube.com/watch?v=qsm4ECaYDa8&ab_channel=Schoolable-TheOnlineSchool
42817,https://www.youtube.com/watch?v=1_ESNZFVl8Y&ab_channel=RissaMaeNazareno
42818,https://www.youtube.com/watch?v=gkvPRyX3bG0&ab_channel=ReadKids
42819,https://www.youtube.com/watch?v=S9DZeJ1oDkc&ab_channel=KiddiesLearningLadder
42820,https://www.youtube.com/watch?v=eF6LE4P_bEU&ab_channel=TeacherTubeStudios
42821,https://www.youtube.com/watch?v=w6eTDfkvPmo&ab_channel=BouncePatrol-KidsSongs
42823,https://www.youtube.com/watch?v=BuGEbNxd9Ro&ab_channel=JuniorSquad-SingAlongNurseryRhymes
42824,https://www.youtube.com/watch?v=-sKs2VxFzG0&ab_channel=BoomBuddies-SingAlongNurseryRhymes
42825,https://www.youtube.com/watch?v=D2-oeBbb7NU&ab_channel=HappyKidsTV-%C3%87ocuk%C5%9Eark%C4%B1lar%C4%B1
42826,https://www.youtube.com/watch?v=FomVrsf-PJ0&ab_channel=GoHairyPhonics
42827,https://www.youtube.com/watch?v=YBs5aj_f0H8&ab_channel=ReadKids
42828,https://www.youtube.com/watch?v=Sh4jmlkgbRM&ab_channel=PowerUpKinder
42829,https://www.youtube.com/watch?v=kAg19Jm9z4U&ab_channel=TeachforLife
42830,https://www.youtube.com/watch?v=vXDBsUGMqMc&ab_channel=MeganMcCarver
42831,https://www.youtube.com/watch?v=SAdH1mYJBQM&ab_channel=CoatesES
42832,https://www.youtube.com/watch?v=f85R2mhpKno&ab_channel=CampWildWoodz
42833,https://www.youtube.com/watch?v=lorLUGjGB6g&ab_channel=MisterChuck-Topic
42834,https://www.youtube.com/watch?v=QYwR8VyHyZs&ab_channel=KidsEntry
42835,https://www.youtube.com/watch?v=iqDEdguyw-Y&ab_channel=ConnecttheDotsLearning%2CLLC
42836,https://www.youtube.com/watch?v=Z3WfgKSGAek&ab_channel=KaraRawson
42837,https://www.youtube.com/watch?v=cZBPCu9pan0&ab_channel=PatriciaLopez
42839,https://www.youtube.com/watch?v=2wXG9_IVr5s
42840,https://www.youtube.com/watch?v=ezmsrB59mj8
42842,https://www.youtube.com/watch?v=jcybQuPbajc
42843,https://www.youtube.com/watch?v=Tu_VH-VxvO8
42844,https://www.youtube.com/watch?v=v3dkRo2IDdg
42845,https://www.youtube.com/watch?v=cR-Qr1V8e_w
42847,https://www.youtube.com/watch?v=RJPNEH5kNH8
42848,https://www.youtube.com/watch?v=2_cX4j_9fUU
42849,https://www.youtube.com/watch?v=ffeZXPtTGC4
42850,https://www.youtube.com/watch?v=EjOd6uPj_6c
42852,https://www.youtube.com/watch?v=FLm_TV0Duz8
42853,https://www.youtube.com/watch?v=vD98OvvDNEs
42854,https://www.youtube.com/watch?v=aEYcmNhz7Uc
42855,https://www.youtube.com/watch?v=ctb8ZXlTwHk
42856,https://www.youtube.com/watch?v=DxyzoMkz24I
42857,https://www.youtube.com/watch?v=OxF-aEqNpLU
42858,https://www.youtube.com/watch?v=ESrsVGqucxc
42860,https://www.youtube.com/watch?v=GC9I6Vxj5yM
42861,https://www.youtube.com/watch?v=hKEVDFIiqg4
42862,https://www.youtube.com/watch?v=8ZLuaZN3XkM
42863,https://www.youtube.com/watch?v=S2DYT_vDxBU
42864,https://www.youtube.com/watch?v=mUJdmA0wT9w
42865,https://www.youtube.com/watch?v=kBWlb-q4qn8&t=44s
42866,https://www.youtube.com/watch?v=XoAOI-JFDjk
42867,https://www.youtube.com/watch?v=ximKp4yf59E
42868,https://www.youtube.com/watch?v=QvmZwQIsj3k
42869,https://www.youtube.com/watch?v=PJUNwUkxHd0
42870,https://www.youtube.com/watch?v=96IMf0xUhAI
42871,https://www.youtube.com/watch?v=ZrZB989VQDU
42872,https://www.youtube.com/watch?v=xTKPXa9y9TM
42873,https://www.youtube.com/watch?v=RUSCz41aDug
42874,https://www.youtube.com/watch?v=q1I3vVJlCdg
42875,https://www.youtube.com/watch?v=TLO9Q4lpZm4
42876,https://www.youtube.com/watch?v=qZQsV7umYs0
42877,https://www.youtube.com/watch?v=ErOhmlMmW5Q
42878,https://www.youtube.com/watch?v=cRrYgWH8ffw
42879,https://www.youtube.com/watch?v=7yMlDJg2IZw
42880,https://www.youtube.com/watch?v=SE-ljfAmZis
42881,https://www.youtube.com/watch?v=DlojiV3yszA
42882,https://www.youtube.com/watch?v=bEa8YzapJGw
42883,https://www.youtube.com/watch?v=Kt0nlWkUBJw
42884,https://www.youtube.com/watch?v=EgzHCuzVKb8
42885,https://www.youtube.com/watch?v=VzilM21qUcM
42886,https://www.youtube.com/watch?v=T0iYz8c9gKg
42887,https://www.youtube.com/watch?v=3FkZ1APqEaQ
42888,https://www.youtube.com/watch?v=4yZvgPOoI6Q
42889,https://www.youtube.com/watch?v=0SfYSMm-V44
42890,https://www.youtube.com/watch?v=Ax_7I07cdvM
42891,https://www.youtube.com/watch?v=_Nok8o_jOmo
42892,https://www.youtube.com/watch?v=nkA0O__kIi0
42893,https://www.youtube.com/watch?v=gygImXaoqNw
42894,https://www.youtube.com/watch?v=2MMiie4vNwk
42895,https://www.youtube.com/watch?v=O-tSh1TBZrw
42896,https://www.youtube.com/watch?v=YFY0s9SrhLs
42897,https://www.youtube.com/watch?v=Sy4zq4DtlXM
42898,https://www.youtube.com/watch?v=iWahiBti-8A
42899,https://www.youtube.com/watch?v=Wa_9FdUyrJ0
42900,https://www.youtube.com/watch?v=haGWvqp2ez0
42901,https://www.youtube.com/watch?v=DaOHnoj1zFI
42902,https://www.youtube.com/watch?v=Whyj9Mecq_o
42903,https://www.youtube.com/watch?v=PnECcTU0OAw
42904,https://www.youtube.com/watch?v=4_hgFcLM9Rg
42905,https://www.youtube.com/watch?v=7nlf9zpj13k
43000,https://www.youtube.com/watch?v=KL6R9neGt5k
43001,https://www.youtube.com/watch?v=75NQK-Sm1YY
43002,https://www.youtube.com/watch?v=ljIFmU1QRGY
43004,https://www.youtube.com/watch?v=Je39PxnjveY
43005,https://www.youtube.com/watch?v=1PQxU3icNCs
43007,https://www.youtube.com/watch?v=e5BwVmidYwQ
43008,https://www.youtube.com/watch?v=cjyRJc5lZb0
43009,https://www.youtube.com/watch?v=fj_z6zGQVyM
43011,https://www.youtube.com/watch?v=NJnIEbVLq90
43012,https://www.youtube.com/watch?v=eAbEhukrlOs
43014,https://www.youtube.com/watch?v=SF_hfyIvids
43015,https://www.youtube.com/watch?v=dwF3e78j7pw
43016,https://www.youtube.com/watch?v=ZUocJtjemGk
43017,https://www.youtube.com/watch?v=PapYDPRgxaQ
43018,https://www.youtube.com/watch?v=wLgSbo0YsN8
43019,https://www.youtube.com/watch?v=_qu4JmX0ZOo
43020,https://www.youtube.com/watch?v=hq3yfQnllfQ
43022,https://www.youtube.com/watch?v=MSmJLlrXmH0
43023,https://www.youtube.com/watch?v=36IBDpTRVNE
43024,https://www.youtube.com/watch?v=vwxNBQnhRrM
43029,https://www.youtube.com/watch?v=ON5UiXqOgL4
43030,https://www.youtube.com/watch?v=zAax3z5uQ2k
43031,https://www.youtube.com/watch?v=4GcLWywzQXY
43032,https://www.youtube.com/watch?v=LaGsJNsKWaw
43033,https://www.youtube.com/watch?v=6u4nyQTrQnY
43034,https://www.youtube.com/watch?v=b3Uw-fsckV0
43036,https://www.youtube.com/watch?v=sCbZbiUhk44
43037,https://www.youtube.com/watch?v=hl6jRqEX9lU
43038,https://www.youtube.com/watch?v=dJRhzdFcQRw
43041,https://www.youtube.com/watch?v=tKsIi1MH4lw
43042,https://www.youtube.com/watch?v=4x_G21KhcEw
43044,https://www.youtube.com/watch?v=KsDMOJbWt_Y
43045,https://www.youtube.com/watch?v=WP1blVh1ZQM
43052,https://www.youtube.com/watch?v=lhX064AiyGg
43055,https://www.youtube.com/watch?v=0PTfZNg9ri8
43056,https://www.youtube.com/watch?v=fM_qAv8-nOI
43059,https://www.youtube.com/watch?v=2b4gxBeVWhc
43062,https://www.youtube.com/watch?v=cTVt7wT5uvs
43068,https://www.youtube.com/watch?v=gIZjrcG9pW0
43069,https://www.youtube.com/watch?v=kWtMmRZDY-4
43075,https://www.youtube.com/watch?v=HWWUHqH0VSc
43077,https://www.youtube.com/watch?v=gTTYlotDBYM
43078,https://www.youtube.com/watch?v=abRvamLO2Ug
43079,https://www.youtube.com/watch?v=59OJN1Plpao
43080,https://www.youtube.com/watch?v=WAwRrtH-4Lg
43081,https://www.youtube.com/watch?v=1tbj6cksyA8
43083,https://www.youtube.com/watch?v=PdJH3kcKpMg
43084,https://www.youtube.com/watch?v=NCMftIntbi8
43085,https://www.youtube.com/watch?v=pOyLLiOJABw
43089,https://www.youtube.com/watch?v=dAqC07wsbOk
43090,https://www.youtube.com/watch?v=mAx3z6nJpqU
43098,https://www.youtube.com/watch?v=94fLHdYXgNk
43102,https://www.youtube.com/watch?v=gtTqBPmxOgw
43106,https://www.youtube.com/watch?v=2Czm2p3stVM
43108,https://www.youtube.com/watch?v=6DDbzqYKNh0
43109,https://www.youtube.com/watch?v=57n4EpciuCw
43110,https://www.youtube.com/watch?v=7OMIJJ9NzSI
43111,https://www.youtube.com/watch?v=bT7282PUKnY
43112,https://www.youtube.com/watch?v=VHrXvv9nKTY
43113,https://www.youtube.com/watch?v=lQ4RLHGDXCA
43115,https://www.youtube.com/watch?v=OWgRsFw0iU0
43116,https://www.youtube.com/watch?v=BG7oqAQsv-k
43116,https://www.youtube.com/watch?v=BG7oqAQsv-k
43117,https://www.youtube.com/watch?v=wSSlwtED2Yg
43118,https://www.youtube.com/watch?v=2n4enj6YMnw
43119,https://www.youtube.com/watch?v=ANChOA4SyL0
43131,https://www.youtube.com/watch?v=mgdH4bd4_Kk
43132,https://www.youtube.com/watch?v=yFblyF33omI
43133,https://www.youtube.com/watch?v=x-Bpoj5fZr0
43135,https://www.youtube.com/watch?v=RX3gpe8jYJ4
43136,https://www.youtube.com/watch?v=AjgD3CvWzS0
43138,https://www.youtube.com/watch?v=j2hazzQ5bSs
43139,https://www.youtube.com/watch?v=JWafD1H8tLA
43141,https://www.youtube.com/watch?v=4o6UObvan_4
43145,https://www.youtube.com/watch?v=HAcrNY4ckWU
43147,https://www.youtube.com/watch?v=sHs2IHXjoDQ
43148,https://www.youtube.com/watch?v=QqnChSV2mdM
43149,https://www.youtube.com/watch?v=t1329JPSVac
43151,https://www.youtube.com/watch?v=Cgxn-IUkU9Q
43152,https://www.youtube.com/watch?v=Xnyq6R-0pqg
43153,https://www.youtube.com/watch?v=u0jeWwduJGY
43155,https://www.youtube.com/watch?v=49SG2ZLpMRs
43156,https://www.youtube.com/watch?v=iaeayyqSY0A
43157,https://www.youtube.com/watch?v=kAo4-2UzgPo
43160,https://www.youtube.com/watch?v=DSQz65CzH_g
43161,https://www.youtube.com/watch?v=q1za00JD6ng
43164,https://www.youtube.com/watch?v=-sgCUnWwves
43165,https://www.youtube.com/watch?v=DSRQuDPkKF4
43167,https://www.youtube.com/watch?v=HEDFZvzosJo
43168,https://www.youtube.com/watch?v=ue-7K_K7V4A
43169,https://www.youtube.com/watch?v=-XFQNGJmLEk
43171,https://www.youtube.com/watch?v=SvdRjPW6FUU
