41250,https://www.youtube.com/watch?v=Vvu-_yXnh14&ab_channel=JackHartmannKidsMusicChannel
41251,https://www.youtube.com/watch?v=E34PAOGYRNk&ab_channel=KidsAcademy
41252,https://www.youtube.com/watch?v=2cVNOuLCUyk&list=PLKi4WTp6PRGUB7l_NFu4RZ9jFJZHSOSnl&index=17&ab_channel=JoAnn%27sSchool
41253,https://www.youtube.com/watch?v=LBEXbnixNeI
41254,https://www.youtube.com/watch?v=dfCEnQS9HH8&ab_channel=LallantoonKidsTv
41256,https://www.youtube.com/watch?v=e-k9btdHR6A&ab_channel=MightyOwl
41257,https://www.youtube.com/watch?v=v2TwTslVk68&ab_channel=UPN
41258,https://www.youtube.com/watch?v=BBBaM3A2FQ8&ab_channel=ABCPreschool
41259,https://www.youtube.com/watch?v=icR_T7v2xZo&ab_channel=TutWay
41260,https://www.youtube.com/watch?v=Wx1fbYAiXC8&ab_channel=MatholiaChannel
41261,https://www.youtube.com/watch?v=PbhwQ_2nw1o&ab_channel=TeachingIndependentLearners
41263,https://www.youtube.com/watch?v=EO-rL2xYLbE&ab_channel=JuniorDPS
41264,https://www.youtube.com/watch?v=9-asu1YTC5o&ab_channel=ArchanaRobinson
41265,https://www.youtube.com/watch?v=bjCqRixsRXg&ab_channel=ToysPlayFunLearn%3ADolls%26MoreLearningVideos
41266,https://www.youtube.com/watch?v=8u9H6BDb2BM&ab_channel=MelissaMorey
41267,https://www.youtube.com/watch?v=JGWzW70LXZ8&ab_channel=SREEGOKULAMPUBLICSCHOOLCALICUT
41268,https://www.youtube.com/watch?v=qcV6wP3zEOk&ab_channel=GurukulamGyanodayaVidyapeeth
41269,https://www.youtube.com/watch?v=UMR4WV-fugM&ab_channel=KidsEasyLearning
41270,https://www.youtube.com/watch?v=DhdzgPplAws&ab_channel=TheLearningHorizon
41271,https://www.youtube.com/watch?v=yDlHjcAb1o0&ab_channel=MightyOwl
41272,https://www.youtube.com/watch?v=SQ6wK_Tm9Yo&ab_channel=MrsSenia%27sKindergartenLessons
41273,https://www.youtube.com/watch?v=IxyXVSz0uD8&ab_channel=BuzzWithBee
41274,https://www.youtube.com/watch?v=MSVHWKz87uE&list=PLKi4WTp6PRGUB7l_NFu4RZ9jFJZHSOSnl&index=13&ab_channel=JoAnn%27sSchool
41275,https://www.youtube.com/watch?v=vbIB9yQTPQ0&ab_channel=LoveToLearnwithSubhashiniBalakrishnan
41276,https://www.youtube.com/watch?v=r2v31aRpsxM&ab_channel=TheKidzPlaySchool
41277,https://www.youtube.com/watch?v=Zzf1-bGNLW4&ab_channel=UMIGO-WildBrain
41278,https://www.youtube.com/watch?v=PTpUPJP8pMw&ab_channel=IgniteStudy
41279,https://www.youtube.com/watch?v=3oq_8CHt_FI&ab_channel=Mrs.Heinz
41280,https://www.youtube.com/watch?v=BKaj1A4R4V8&ab_channel=DiamondGunn
41281,https://www.youtube.com/watch?v=2vrzODAv0hU&list=PLKi4WTp6PRGUB7l_NFu4RZ9jFJZHSOSnl&index=15&ab_channel=JoAnn%27sSchool
41282,https://www.youtube.com/watch?v=k8Q6GqOWG98&ab_channel=AndreaBoyd
41283,https://www.youtube.com/watch?v=p9FoxcnxGiI&ab_channel=Anouslesmaths
41284,https://www.youtube.com/watch?v=eEj-KC8Vtls&ab_channel=RivasChristianAcademy
41285,https://www.youtube.com/watch?v=h7QdjjxTlHQ&ab_channel=KidsMathTV
41286,https://www.youtube.com/watch?v=JXummnSYq-A&ab_channel=SaraFagan%5BCambeiroES%5D
41287,https://www.youtube.com/watch?v=tkTwbaE7NIM&ab_channel=BhavnaKeswani
41288,https://www.youtube.com/watch?v=Au9ZbmByP00&ab_channel=Mrs.Curtis
41289,https://www.youtube.com/watch?v=RL5etGWiv4A&ab_channel=RebeccaB.
41290,https://www.youtube.com/watch?v=VdHy1R7kzpc&ab_channel=xoaxdotnet
41291,https://www.youtube.com/watch?v=YeA4XUoT2bY&ab_channel=NikkiTerrell
41292,https://www.youtube.com/watch?v=rZ5p5mN0Vc8&ab_channel=YezeniaDepaz-Castelan
41293,https://www.youtube.com/watch?v=VDpQns6F3SI&ab_channel=%D8%A7%D9%85%D9%86%D9%87%D8%A7%D9%84%D9%85%D9%87%D9%8A%D8%B1%D9%8A
41294,https://www.youtube.com/watch?v=ciJ_qM5rnv4&ab_channel=WSKGPublicMedia
41296,https://www.youtube.com/watch?v=44qHB3dzmJQ&list=PLKi4WTp6PRGUB7l_NFu4RZ9jFJZHSOSnl&index=30&ab_channel=JoAnn%27sSchool
41297,https://www.youtube.com/watch?v=KI5xZm0PGfY&ab_channel=JoAnn%27sSchool
41299,https://www.youtube.com/watch?v=pww9lszTJ2Y&ab_channel=Ai%27sKinderWorld
41300,https://www.youtube.com/watch?v=GQZIwGzEmVU&ab_channel=SamiaM
41301,https://www.youtube.com/watch?v=-B1BhBP8JQM&ab_channel=TeCa-MathforGradeK-5
41302,https://www.youtube.com/watch?v=rjc2KFb7t0g&ab_channel=TenMarksAmazon
41303,https://www.youtube.com/watch?v=RAwT6S1rSuU&ab_channel=AntonioE.GarciaArts%26EducationCenter
41304,https://www.youtube.com/watch?v=iK9SsB2GvW8&ab_channel=GeneralMaths
41305,https://www.youtube.com/watch?v=AcYbpbT54EE&ab_channel=Kidsland
41306,https://www.youtube.com/watch?v=9Xt5YqG65kI&ab_channel=BrooksJones
41307,https://www.youtube.com/watch?v=YZQCUzyqn4Q&ab_channel=Year1TeachingStrategies
41308,https://www.youtube.com/watch?v=Rqrbc5xJXfs&ab_channel=Vanilla143
41309,https://www.youtube.com/watch?v=d6kRdSkRVU4&ab_channel=JoAnn%27sSchool
41310,https://www.youtube.com/watch?v=wkDqhnvRwco&ab_channel=PISDESMath
41311,https://www.youtube.com/watch?v=PCNdoUBwAzw&ab_channel=eSparkLearningVideos
41312,https://www.youtube.com/watch?v=y_9Fyry61aw&ab_channel=Mathsforkids
41313,https://www.youtube.com/watch?v=nCa4ov4KiG8&ab_channel=ASUAmericaReads
41314,https://www.youtube.com/watch?v=C_P9SK9NZRU&ab_channel=TeacherDeb
41315,https://www.youtube.com/watch?v=Nsy2gsa51hM&ab_channel=AlexandriaHernandez
41316,https://www.youtube.com/watch?v=R4NCtCwMMjU&ab_channel=MelinYare
41317,https://www.youtube.com/watch?v=Rn0rmH1D76c
41318,https://www.youtube.com/watch?v=5Rir45J8gxo
41319,https://www.youtube.com/watch?v=oYQi4sn-_KI
41320,https://www.youtube.com/watch?v=7hg5gcbg1uo
41321,https://www.youtube.com/watch?v=WqxjLeJFxxQ
41322,https://www.youtube.com/watch?v=Jwooyu6I_LY
41325,https://www.youtube.com/watch?v=9_b9bodlsmw
41326,https://www.youtube.com/watch?v=1vzH-Xln19E
41327,https://www.youtube.com/watch?v=4YuP6ySZYvk
41328,https://www.youtube.com/watch?v=idJYhjGyWTU
41329,https://www.youtube.com/watch?v=5Tf0DLBkkzw
41330,https://www.youtube.com/watch?v=X7jSWdnoshw
41331,https://www.youtube.com/watch?v=w7oWuofeA6U
41332,https://www.youtube.com/watch?v=fhe7vQjQBxM
41333,https://www.youtube.com/watch?v=N53w1cz4ogo&ab_channel=Dr.PandaTotoTime%E2%80%93OfficialChannel
41334,https://www.youtube.com/watch?v=N4s6f2E0ysg
41335,https://www.youtube.com/watch?v=HRufhm9tWoI
41336,https://www.youtube.com/watch?v=MkNeIRNA_6w
41337,https://www.youtube.com/watch?v=rrnHWXHGVkw
41500,https://youtu.be/uONIJ5TQ2DA
41501,https://youtu.be/mjlsSYLLOSE
41502,https://youtu.be/pxUY29LpMZE
41503,https://youtu.be/Fe8u2I3vmHU
41504,https://youtu.be/cJ_boPjzKtI
41505,https://youtu.be/7J1OkxuyLD0
41507,https://youtu.be/ug0gs8kLE48
41509,https://youtu.be/qM7B2nwpV1M
41511,https://youtu.be/0Wwdw68wOKI
41512,https://youtu.be/dLOmZWzMfLY
41514,https://youtu.be/QkPa9V2wtZs
41517,https://youtu.be/yTYVVV1_nJw
41518,https://youtu.be/rPVdItitgIU
41519,https://youtu.be/bnBeGmjWnK4
41520,https://youtu.be/cI8_pK_Xmu0
41521,https://youtu.be/WT_wvvEvkw4
41522,https://youtu.be/k5wC5krH8xo
41524,https://youtu.be/X3hEMk9W68A
41525,https://youtu.be/UqQ1VkBvuRs
41526,https://youtu.be/vF5KWJdBp9g
41528,https://youtu.be/pwQKugrFmJQ
41529,https://youtu.be/Ya9etNX_lXE
41530,https://youtu.be/M6sDpu72Bbk
41531,https://youtu.be/DWFH9T3gk5E
41532,https://youtu.be/LJccMY5_YN4
41533,https://youtu.be/sSqGCY_L6CY
41534,https://youtu.be/bQXI_eWbZto
41536,https://youtu.be/NHI0ePgwlgU
41537,https://youtu.be/j6UPVZRYGTM
41538,https://youtu.be/PaEAiXNniw8
41539,https://youtu.be/knyMi7jPcFE
41541,https://youtu.be/og0HqNhJuxI
41543,https://youtu.be/wtl147MKVVQ
41544,https://youtu.be/zJyT6MIlkAw
41545,https://youtu.be/wUQuxUjCH3s
41546,https://youtu.be/WwlrbMWcTtQ
41547,https://youtu.be/qyNwQq1Jkas
41548,https://youtu.be/CbiSXUNqPMw
41550,https://youtu.be/FDP0mbsVX9A
41551,https://youtu.be/yvRTRGrxS0k
41552,https://youtu.be/exsFIpQVNIw
41556,https://youtu.be/zDuHlhbV920
41557,https://youtu.be/Yv5XJafZUn0
41558,https://youtu.be/UM-TSRPBaN0
41559,https://youtu.be/033pEpEnr_U
41560,https://youtu.be/dXpSy7CmjH0
41562,https://youtu.be/UlRWcgYKfYE
41563,https://youtu.be/ftB5VU64yGA
41564,https://youtu.be/4EFLltiMTmk
41565,https://youtu.be/HCKmOvYJTiI
41566,https://youtu.be/uaRx9v-wkeA
41567,https://youtu.be/a-7jsy8wjAo
41569,https://youtu.be/2wUsdsae0ro
41570,https://youtu.be/lt-oGiPt_0k
41571,https://youtu.be/24Uv8Cl5hvI
41572,https://youtu.be/t2rNA2-bYG0
41573,https://youtu.be/XKrvWxVo1Zs
41574,https://youtu.be/6I5P19LcG1s
41575,https://youtu.be/fRKa4oHHgDs
41576,https://youtu.be/KvmzCbjopkE
41577,https://youtu.be/_YzACucjF38
41578,https://youtu.be/X_97AO2SkGU
41579,https://youtu.be/VIQg8e0erEE
41580,https://youtu.be/ryIxBrO1bJY
41581,https://youtu.be/JjKhSyUVFBI
41582,https://youtu.be/Pjwr5JS1Lyw
41583,https://youtu.be/pe7nVxkqSmI
41584,https://youtu.be/f8XPGiVedS0
41585,https://youtu.be/xhHTGemRM_w
41586,https://youtu.be/HlA2YcsSeds
41587,https://youtu.be/UtvRQXaeQNM
41588,https://youtu.be/UijTyUN_Xh8
41589,https://youtu.be/THwwU-R37oU
41590,https://youtu.be/nuYWIM4_S-o
41591,https://youtu.be/wT280M5zhlo
41592,https://youtu.be/Yx_Lcp9tkmE
41593,https://youtu.be/bl8aA0MrtWo
41594,https://youtu.be/g0nsOGiyO_Q
41595,https://youtu.be/w27TpLQexbc
41596,https://youtu.be/uT2CQvPywgs
41597,https://youtu.be/af4kIJewuws
41600,https://youtu.be/nN7lKUiq0LA
41601,https://youtu.be/YPLyGQXds9E
41602,https://youtu.be/-0p2RD0VnR0
41603,https://youtu.be/9KfPH5YoSkY
41604,https://youtu.be/dxRilLOhevE
41605,https://youtu.be/1KzgRmRbVTc
41606,https://youtu.be/Aj_pZKxXxds
41607,https://youtu.be/rcbg2-wjAmo
41608,https://youtu.be/i7-ZbIHRdXc
41609,https://youtu.be/zsv7bYSrzMU
41610,https://youtu.be/pXgxFvH5YrM
41611,https://youtu.be/ki4uIxahYNE
41612,https://youtu.be/lkylKqqiGw8
41613,https://youtu.be/b5HvBswYTgg
41615,https://youtu.be/Xf-olNHpSXU
41616,https://youtu.be/DNHFKuQ_nKk
41617,https://youtu.be/gLMxjtPMCm8
41618,https://youtu.be/TFRlPBAyPLo
41619,https://youtu.be/VWiNbUNrsk4
41620,https://youtu.be/4eneBnfRroo
41621,https://youtu.be/DIh9gzoUZN8
41622,https://youtu.be/9vivbK-rB4A
41623,https://youtu.be/fBbED3AV2iM
41624,https://youtu.be/KrpSjTLTD3k
41625,https://youtu.be/J1eQe7afWFc
41626,https://youtu.be/PQBJGdyWUyc
41627,https://youtu.be/nlY7awt4KAU
41628,https://youtu.be/jjW2s1MlrZI
41629,https://youtu.be/DyVvgESP9Hk
41630,https://youtu.be/aRNz09gbqDk
41631,https://youtu.be/uo1UR-NVo-k
41632,https://www.youtube.com/watch?v=oqzWr5ILxDM
41633,https://www.youtube.com/watch?v=hA8-xgHITTc
41634,https://www.youtube.com/watch?v=-4Vsftd4ntI
41635,https://www.youtube.com/watch?v=v7wZx2pNmRk
41636,https://www.youtube.com/watch?v=fDuoV1kJ-RA
41637,https://www.youtube.com/watch?v=yXXK5RwaC7w
41638,https://www.youtube.com/watch?v=8lD3qDZdnp8
41639,https://www.youtube.com/watch?v=6wMXvP5LiiU
41640,https://www.youtube.com/watch?v=lKVbQ_fF20k
41641,https://www.youtube.com/watch?v=JCmqVAYujv4
41642,https://www.youtube.com/watch?v=2IAl5R23rco
41643,https://www.youtube.com/watch?v=8YFS1w3GB5c
41644,https://www.youtube.com/watch?v=qUOQrXmfwDM
41645,https://www.youtube.com/watch?v=QHZSctWG8CY
41646,https://www.youtube.com/watch?v=P9sYvDCnI0g
41647,https://www.youtube.com/watch?v=e_gGCunofgI
41648,https://www.youtube.com/watch?v=76GGmQnnWJw
41649,https://www.youtube.com/watch?v=Ad9NkMHsT4o
41650,https://www.youtube.com/watch?v=2Q4c0CtK9M0
41651,https://www.youtube.com/watch?v=pEot9b07lnk
41652,https://www.youtube.com/watch?v=A750pf1o6VU
41653,https://www.youtube.com/watch?v=ybEU-6U7s8k
41654,https://www.youtube.com/watch?v=iibB07-_KyA
41655,https://www.youtube.com/watch?v=UQ62SftjiyU
41657,https://www.youtube.com/watch?v=jI_a2ySpi_4
41658,https://www.youtube.com/watch?v=FUPnmH6BNm0
41659,https://www.youtube.com/watch?v=fXoCPf1kv-4
41660,https://www.youtube.com/watch?v=Na9YR73Tma8
41661,https://www.youtube.com/watch?v=C4jRwMFDc4Q
41662,https://www.youtube.com/watch?v=9rr-TezVmCA
41663,https://www.youtube.com/watch?v=LMQIjLETmF4
41664,https://www.youtube.com/watch?v=QCPYaTx2v0w
41666,https://www.youtube.com/watch?v=HKW_9buPxoA
41667,https://www.youtube.com/watch?v=oFG_KT2oZpk
41668,https://www.youtube.com/watch?v=zC4BSlBJAyk
41669,https://www.youtube.com/watch?v=KRTvcjhZ66o
41670,https://www.youtube.com/watch?v=wboCEkpPS34
41672,https://www.youtube.com/watch?v=KLuaPfETF9U
41673,https://www.youtube.com/watch?v=oqWvhs4uzPc
41674,https://www.youtube.com/watch?v=Kk1n6otwEBE
41675,https://www.youtube.com/watch?v=BIjAgl5kp84
41676,https://www.youtube.com/watch?v=pZZw08qSpEo
41677,https://www.youtube.com/watch?v=v0pProWTvjg
41678,https://www.youtube.com/watch?v=Clf21HQAnlw
41679,https://www.youtube.com/watch?v=j7TulWSCsgc
41680,https://www.youtube.com/watch?v=7omxmCDpW7U
41681,https://www.youtube.com/watch?v=QMpkm4dAB4w
41682,https://www.youtube.com/watch?v=w1th6WGDPCY
41683,https://www.youtube.com/watch?v=idsrFnyOqr4
41685,https://www.youtube.com/watch?v=HG_Z1bKs6ow
41686,https://www.youtube.com/watch?v=Y8-T8RouhPA
41687,https://www.youtube.com/watch?v=U6KPqutxkNk
41688,https://www.youtube.com/watch?v=INHKocUIZI0
41689,https://www.youtube.com/watch?v=3xdJdbzFKYM
41690,https://www.youtube.com/watch?v=4a3jUSFQpT8
41691,https://www.youtube.com/watch?v=1LjGDN1GNlQ
41751,https://www.youtube.com/watch?v=2mo3OGMcqoo
41752,https://www.youtube.com/watch?v=O3g12WeHUp0
41753,https://www.youtube.com/watch?v=ChQ31KV6Kik
41754,https://www.youtube.com/watch?v=xz5rA5ssww8
41755,https://www.youtube.com/watch?v=vpg--e0pCdE
41756,https://www.youtube.com/watch?v=fhWUMq5EcH0
41757,https://www.youtube.com/watch?v=2KrxNOdaruI
41758,https://www.youtube.com/watch?v=2NuRiCal7FI
41759,https://www.youtube.com/watch?v=uk0yl3fFTGw
41760,https://www.youtube.com/watch?v=g73p_bJsCcc
41761,https://www.youtube.com/watch?v=oN97xl5K4c4
41764,https://www.youtube.com/watch?v=msBlyCXxf8g
41765,https://www.youtube.com/watch?v=KjgjGTKVELw
41766,https://www.youtube.com/watch?v=8Qpqs8hlmv0
41767,https://www.youtube.com/watch?v=2ZSWt9fyOSA
41768,https://www.youtube.com/watch?v=8kcbajwxEfE
41770,https://www.youtube.com/watch?v=Rgh6AnrjO5M
41771,https://www.youtube.com/watch?v=EeIjX3uN79U
41773,https://www.youtube.com/watch?v=29lOcWOneZ8
41774,https://www.youtube.com/watch?v=ENFJUEM0XTc
41775,https://www.youtube.com/watch?v=QojJXO9Lbvs
41776,https://www.youtube.com/watch?v=htkkqX-F9GI
41777,https://www.youtube.com/watch?v=4GA2CzqUreM
41778,https://www.youtube.com/watch?v=UfN4kGsPpmo
41779,https://www.youtube.com/watch?v=jVJq0SUYznw
41780,https://www.youtube.com/watch?v=gfPP-Bvwexk
41781,https://www.youtube.com/watch?v=ObY7F6GlXZQ
41782,https://www.youtube.com/watch?v=P4bMgC9I4-E
41784,https://www.youtube.com/watch?v=hjFlTU6AEYc
41785,https://www.youtube.com/watch?v=WxZO5alS2A8
41788,https://www.youtube.com/watch?v=o_str-ubraQ
41789,https://www.youtube.com/watch?v=-oYIp5FoU1c
41791,https://www.youtube.com/watch?v=EXeBGcew3vk
41792,https://www.youtube.com/watch?v=nNl4VDVsXSk
41793,https://www.youtube.com/watch?v=XaUVeZ72ncI
41794,https://www.youtube.com/watch?v=43g1Gp6LBRI
41795,https://www.youtube.com/watch?v=YCc1iqoiGE0
41796,https://www.youtube.com/watch?v=JrugK16tYEw
41797,https://www.youtube.com/watch?v=HSj9Y157OBs
41798,https://www.youtube.com/watch?v=HdY203oQuU8
41799,https://www.youtube.com/watch?v=00PQvUsWSwQ
41800,https://www.youtube.com/watch?v=3IQ-SRm6MIk
41801,https://www.youtube.com/watch?v=lVnpy6oFTvY
41802,https://www.youtube.com/watch?v=v-_T6U4Qjys
41803,https://www.youtube.com/watch?v=BTHrbqGVKMY
41804,https://www.youtube.com/watch?v=yyQkYChUn7E
41806,https://www.youtube.com/watch?v=MllkCCjvuAw
41807,https://www.youtube.com/watch?v=cGEuC_uPODY
41808,https://www.youtube.com/watch?v=2-WU_bmmX0A
41809,https://www.youtube.com/watch?v=dsTkVcPVk18
41810,https://www.youtube.com/watch?v=47ODQI0OSOA
41811,https://www.youtube.com/watch?v=Ux_kLd7qAcY
41812,https://www.youtube.com/watch?v=6jQ7y_qQYUA
41813,https://www.youtube.com/watch?v=Bc-AqnaX0D0
41814,https://www.youtube.com/watch?v=Q53kNmxTgPw
41815,https://www.youtube.com/watch?v=XKGsaziqRE4
41816,https://www.youtube.com/watch?v=k9yuk7Me9qQ
41818,https://www.youtube.com/watch?v=W3q5nq2pRVM
41819,https://www.youtube.com/watch?v=e5YFRFuGv8s
41820,https://www.youtube.com/watch?v=j-JCcwxbURQ
41821,https://www.youtube.com/watch?v=d4G8iVny5l8
41822,https://www.youtube.com/watch?v=qJJk0G1ssSQ
41823,https://www.youtube.com/watch?v=YUM7bJ8MR-Y
41824,https://www.youtube.com/watch?v=LEWTdylEAQM&list=PLSILJ0InP4JczoGy0XgUlm1dGjkXrlEJN
41825,https://www.youtube.com/watch?v=SaOMGI_sIxk
41826,https://www.youtube.com/watch?v=glVfwAAVNG0
41827,https://www.youtube.com/watch?v=inpTR-ylKRQ
41828,https://www.youtube.com/watch?v=OGeOxkpzDTM
41829,https://www.youtube.com/watch?v=-9XaBoromjs
41830,https://www.youtube.com/watch?v=MnOKD_I6vSU
41831,https://www.youtube.com/watch?v=peSNdpGC14Q
41832,https://www.youtube.com/watch?v=1xIT_D8sLpk
41833,https://www.youtube.com/watch?v=4XYON3y5uXM
41834,https://www.youtube.com/watch?v=uOT8G20GpKk
41835,https://www.youtube.com/watch?v=hN2PzchXkTI
41836,https://www.youtube.com/watch?v=xIuqq2vsemA
41837,https://www.youtube.com/watch?v=RpW3tjWUZi8
41838,https://www.youtube.com/watch?v=4UwPjuYujYg
41839,https://www.youtube.com/watch?v=t2Bzx3z60YI
41840,https://www.youtube.com/watch?v=DaNNIIRGvOk
41841,https://www.youtube.com/watch?v=L616eNqExTc
41842,https://www.youtube.com/watch?v=QYBeyqB8FzM
41843,https://www.youtube.com/watch?v=88XwY7Dnm4U
41844,https://www.youtube.com/watch?v=z3_A-S8cbKU
41845,https://www.youtube.com/watch?v=_Xg4UtetQF0
41846,https://www.youtube.com/watch?v=w7-teTDLgvc
41847,https://www.youtube.com/watch?v=krYShkBV0lY
41848,https://www.youtube.com/watch?v=_jFLw2JcJRw
41849,https://www.youtube.com/watch?v=f1zwconmWOY
41850,https://www.youtube.com/watch?v=G6hV-xRV6xg
41851,https://www.youtube.com/watch?v=_3eqIkBRQnw
41852,https://www.youtube.com/watch?v=_XJ1A5io8vc
41853,https://www.youtube.com/watch?v=GPSWg4h30og
41854,https://www.youtube.com/watch?v=9yya-7-HCAM
41855,https://www.youtube.com/watch?v=pvFS9KdWtAc
41856,https://www.youtube.com/watch?v=1NvSWNCMRss
41857,https://www.youtube.com/watch?v=_ZjfTjHyeNY
41858,https://www.youtube.com/watch?v=56PgJHYyEGE
41859,https://www.youtube.com/watch?v=FBlbszeYUME
41860,https://www.youtube.com/watch?v=W4tmGMC5o0U
41861,https://www.youtube.com/watch?v=je4s82bhkrk
41862,https://www.youtube.com/watch?v=DI2a6_5q7CM
41863,https://www.youtube.com/watch?v=x9yHEsKm9u0
41864,https://www.youtube.com/watch?v=A9EemNxrVro
41865,https://www.youtube.com/watch?v=EQtulZHrUZo
41866,https://www.youtube.com/watch?v=eRu74F30m-w
41867,https://www.youtube.com/watch?v=AiJgayys_pI
41868,https://www.youtube.com/watch?v=GxzwCfZ2KrA
41870,https://www.youtube.com/watch?v=Y-K2IXFgk-k
41872,https://www.youtube.com/watch?v=JciTjQ-Y9WM
41873,https://www.youtube.com/watch?v=PU4ddRXnEMo
41874,https://www.youtube.com/watch?v=eeI85nSaV8c
41877,https://www.youtube.com/watch?v=HA-4V4e9ZDo
41878,https://www.youtube.com/watch?v=PExv26chKlw
41879,https://www.youtube.com/watch?v=lqegob0v9W8
41881,https://www.youtube.com/watch?v=JbN0Y0KDqDU
41882,https://www.youtube.com/watch?v=6I2r3mba-1Y
41884,https://www.youtube.com/watch?v=N1IQRWlaBp0
41885,https://www.youtube.com/watch?v=wTDMkMKC1cs
41886,https://www.youtube.com/watch?v=zUABbq2OJeQ
